"Cell_Line","Condition","Time_h","Replicate","Absorbance","ID_Traiettoria"
"MDA-MB 468","SCR",0,1,0.1233,"MDA-MB 468_SCR_1"
"MDA-MB 468","SCR",0,2,0.1337,"MDA-MB 468_SCR_2"
"MDA-MB 468","SCR",0,3,0.1119,"MDA-MB 468_SCR_3"
"MDA-MB 468","shPADI3",0,1,0.0888,"MDA-MB 468_shPADI3_1"
"MDA-MB 468","shPADI3",0,2,0.2998,"MDA-MB 468_shPADI3_2"
"MDA-MB 468","shPADI3",0,3,0.1734,"MDA-MB 468_shPADI3_3"
"MDA-MB 468","ShChD4_360",0,1,0.1815,"MDA-MB 468_ShChD4_360_1"
"MDA-MB 468","ShChD4_360",0,2,0.1332,"MDA-MB 468_ShChD4_360_2"
"MDA-MB 468","ShChD4_360",0,3,0.1445,"MDA-MB 468_ShChD4_360_3"
"MDA-MB 468","ShChD4_363",0,1,0.187,"MDA-MB 468_ShChD4_363_1"
"MDA-MB 468","ShChD4_363",0,2,0.1556,"MDA-MB 468_ShChD4_363_2"
"MDA-MB 468","ShChD4_363",0,3,0.2138,"MDA-MB 468_ShChD4_363_3"
"MDA-MB 468","SCR",24,1,0.1693,"MDA-MB 468_SCR_1"
"MDA-MB 468","SCR",24,2,0.1815,"MDA-MB 468_SCR_2"
"MDA-MB 468","SCR",24,3,0.2039,"MDA-MB 468_SCR_3"
"MDA-MB 468","shPADI3",24,1,0.1462,"MDA-MB 468_shPADI3_1"
"MDA-MB 468","shPADI3",24,2,0.142,"MDA-MB 468_shPADI3_2"
"MDA-MB 468","shPADI3",24,3,0.1271,"MDA-MB 468_shPADI3_3"
"MDA-MB 468","ShChD4_360",24,1,0.1531,"MDA-MB 468_ShChD4_360_1"
"MDA-MB 468","ShChD4_360",24,2,0.137,"MDA-MB 468_ShChD4_360_2"
"MDA-MB 468","ShChD4_360",24,3,0.1268,"MDA-MB 468_ShChD4_360_3"
"MDA-MB 468","ShChD4_363",24,1,0.171,"MDA-MB 468_ShChD4_363_1"
"MDA-MB 468","ShChD4_363",24,2,0.1893,"MDA-MB 468_ShChD4_363_2"
"MDA-MB 468","ShChD4_363",24,3,0.1888,"MDA-MB 468_ShChD4_363_3"
"MDA-MB 468","SCR",48,1,0.3976,"MDA-MB 468_SCR_1"
"MDA-MB 468","SCR",48,2,0.3945,"MDA-MB 468_SCR_2"
"MDA-MB 468","SCR",48,3,0.3061,"MDA-MB 468_SCR_3"
"MDA-MB 468","shPADI3",48,1,0.2098,"MDA-MB 468_shPADI3_1"
"MDA-MB 468","shPADI3",48,2,0.1708,"MDA-MB 468_shPADI3_2"
"MDA-MB 468","shPADI3",48,3,0.1987,"MDA-MB 468_shPADI3_3"
"MDA-MB 468","ShChD4_360",48,1,0.339,"MDA-MB 468_ShChD4_360_1"
"MDA-MB 468","ShChD4_360",48,2,0.3264,"MDA-MB 468_ShChD4_360_2"
"MDA-MB 468","ShChD4_360",48,3,0.3107,"MDA-MB 468_ShChD4_360_3"
"MDA-MB 468","ShChD4_363",48,1,0.4075,"MDA-MB 468_ShChD4_363_1"
"MDA-MB 468","ShChD4_363",48,2,0.2756,"MDA-MB 468_ShChD4_363_2"
"MDA-MB 468","ShChD4_363",48,3,0.3055,"MDA-MB 468_ShChD4_363_3"
"MDA-MB 468","SCR",72,1,0.4815,"MDA-MB 468_SCR_1"
"MDA-MB 468","SCR",72,2,0.4021,"MDA-MB 468_SCR_2"
"MDA-MB 468","SCR",72,3,0.4188,"MDA-MB 468_SCR_3"
"MDA-MB 468","shPADI3",72,1,0.2065,"MDA-MB 468_shPADI3_1"
"MDA-MB 468","shPADI3",72,2,0.1382,"MDA-MB 468_shPADI3_2"
"MDA-MB 468","shPADI3",72,3,0.1398,"MDA-MB 468_shPADI3_3"
"MDA-MB 468","ShChD4_360",72,1,0.2253,"MDA-MB 468_ShChD4_360_1"
"MDA-MB 468","ShChD4_360",72,2,0.2292,"MDA-MB 468_ShChD4_360_2"
"MDA-MB 468","ShChD4_360",72,3,0.3451,"MDA-MB 468_ShChD4_360_3"
"MDA-MB 468","ShChD4_363",72,1,0.1474,"MDA-MB 468_ShChD4_363_1"
"MDA-MB 468","ShChD4_363",72,2,0.1123,"MDA-MB 468_ShChD4_363_2"
"MDA-MB 468","ShChD4_363",72,3,0.1573,"MDA-MB 468_ShChD4_363_3"
"MDA-MB 468","SCR",96,1,0.3385,"MDA-MB 468_SCR_1"
"MDA-MB 468","SCR",96,2,0.2638,"MDA-MB 468_SCR_2"
"MDA-MB 468","SCR",96,3,0.2982,"MDA-MB 468_SCR_3"
"MDA-MB 468","shPADI3",96,1,0.1557,"MDA-MB 468_shPADI3_1"
"MDA-MB 468","shPADI3",96,2,0.066,"MDA-MB 468_shPADI3_2"
"MDA-MB 468","shPADI3",96,3,0.1146,"MDA-MB 468_shPADI3_3"
"MDA-MB 468","ShChD4_360",96,1,0.206,"MDA-MB 468_ShChD4_360_1"
"MDA-MB 468","ShChD4_360",96,2,0.1519,"MDA-MB 468_ShChD4_360_2"
"MDA-MB 468","ShChD4_360",96,3,0.1374,"MDA-MB 468_ShChD4_360_3"
"MDA-MB 468","ShChD4_363",96,1,0.0951,"MDA-MB 468_ShChD4_363_1"
"MDA-MB 468","ShChD4_363",96,2,0.1374,"MDA-MB 468_ShChD4_363_2"
"MDA-MB 468","ShChD4_363",96,3,0.1151,"MDA-MB 468_ShChD4_363_3"
"MDA-MB 231","SCR",0,1,0.1168,"MDA-MB 231_SCR_1"
"MDA-MB 231","SCR",0,2,0.0949,"MDA-MB 231_SCR_2"
"MDA-MB 231","SCR",0,3,0.1364,"MDA-MB 231_SCR_3"
"MDA-MB 231","shPADI3",0,1,0.1182,"MDA-MB 231_shPADI3_1"
"MDA-MB 231","shPADI3",0,2,0.1132,"MDA-MB 231_shPADI3_2"
"MDA-MB 231","shPADI3",0,3,0.0931,"MDA-MB 231_shPADI3_3"
"MDA-MB 231","ShChD4_360",0,1,0.1231,"MDA-MB 231_ShChD4_360_1"
"MDA-MB 231","ShChD4_360",0,2,0.1236,"MDA-MB 231_ShChD4_360_2"
"MDA-MB 231","ShChD4_360",0,3,0.1289,"MDA-MB 231_ShChD4_360_3"
"MDA-MB 231","ShChD4_363",0,1,0.0901,"MDA-MB 231_ShChD4_363_1"
"MDA-MB 231","ShChD4_363",0,2,0.1678,"MDA-MB 231_ShChD4_363_2"
"MDA-MB 231","ShChD4_363",0,3,0.1096,"MDA-MB 231_ShChD4_363_3"
"MDA-MB 231","SCR",24,1,0.1432,"MDA-MB 231_SCR_1"
"MDA-MB 231","SCR",24,2,0.1045,"MDA-MB 231_SCR_2"
"MDA-MB 231","SCR",24,3,0.1077,"MDA-MB 231_SCR_3"
"MDA-MB 231","shPADI3",24,1,0.116,"MDA-MB 231_shPADI3_1"
"MDA-MB 231","shPADI3",24,2,0.1279,"MDA-MB 231_shPADI3_2"
"MDA-MB 231","shPADI3",24,3,0.1206,"MDA-MB 231_shPADI3_3"
"MDA-MB 231","ShChD4_360",24,1,0.1308,"MDA-MB 231_ShChD4_360_1"
"MDA-MB 231","ShChD4_360",24,2,0.119,"MDA-MB 231_ShChD4_360_2"
"MDA-MB 231","ShChD4_360",24,3,0.0998,"MDA-MB 231_ShChD4_360_3"
"MDA-MB 231","ShChD4_363",24,1,0.1206,"MDA-MB 231_ShChD4_363_1"
"MDA-MB 231","ShChD4_363",24,2,0.1547,"MDA-MB 231_ShChD4_363_2"
"MDA-MB 231","ShChD4_363",24,3,0.0889,"MDA-MB 231_ShChD4_363_3"
"MDA-MB 231","SCR",48,1,0.2647,"MDA-MB 231_SCR_1"
"MDA-MB 231","SCR",48,2,0.1688,"MDA-MB 231_SCR_2"
"MDA-MB 231","SCR",48,3,0.2376,"MDA-MB 231_SCR_3"
"MDA-MB 231","shPADI3",48,1,0.1878,"MDA-MB 231_shPADI3_1"
"MDA-MB 231","shPADI3",48,2,0.1788,"MDA-MB 231_shPADI3_2"
"MDA-MB 231","shPADI3",48,3,0.1992,"MDA-MB 231_shPADI3_3"
"MDA-MB 231","ShChD4_360",48,1,0.2547,"MDA-MB 231_ShChD4_360_1"
"MDA-MB 231","ShChD4_360",48,2,0.2348,"MDA-MB 231_ShChD4_360_2"
"MDA-MB 231","ShChD4_360",48,3,0.2144,"MDA-MB 231_ShChD4_360_3"
"MDA-MB 231","ShChD4_363",48,1,0.2453,"MDA-MB 231_ShChD4_363_1"
"MDA-MB 231","ShChD4_363",48,2,0.1875,"MDA-MB 231_ShChD4_363_2"
"MDA-MB 231","ShChD4_363",48,3,0.1524,"MDA-MB 231_ShChD4_363_3"
"MDA-MB 231","SCR",72,1,0.3212,"MDA-MB 231_SCR_1"
"MDA-MB 231","SCR",72,2,0.3366,"MDA-MB 231_SCR_2"
"MDA-MB 231","SCR",72,3,0.2449,"MDA-MB 231_SCR_3"
"MDA-MB 231","shPADI3",72,1,0.0782,"MDA-MB 231_shPADI3_1"
"MDA-MB 231","shPADI3",72,2,0.0999,"MDA-MB 231_shPADI3_2"
"MDA-MB 231","shPADI3",72,3,0.0808,"MDA-MB 231_shPADI3_3"
"MDA-MB 231","ShChD4_360",72,1,0.1355,"MDA-MB 231_ShChD4_360_1"
"MDA-MB 231","ShChD4_360",72,2,0.1949,"MDA-MB 231_ShChD4_360_2"
"MDA-MB 231","ShChD4_360",72,3,0.148,"MDA-MB 231_ShChD4_360_3"
"MDA-MB 231","ShChD4_363",72,1,0.1139,"MDA-MB 231_ShChD4_363_1"
"MDA-MB 231","ShChD4_363",72,2,0.1109,"MDA-MB 231_ShChD4_363_2"
"MDA-MB 231","ShChD4_363",72,3,0.1237,"MDA-MB 231_ShChD4_363_3"
"MDA-MB 231","SCR",96,1,0.2297,"MDA-MB 231_SCR_1"
"MDA-MB 231","SCR",96,2,0.2562,"MDA-MB 231_SCR_2"
"MDA-MB 231","SCR",96,3,0.2311,"MDA-MB 231_SCR_3"
"MDA-MB 231","shPADI3",96,1,0.0846,"MDA-MB 231_shPADI3_1"
"MDA-MB 231","shPADI3",96,2,0.083,"MDA-MB 231_shPADI3_2"
"MDA-MB 231","shPADI3",96,3,0.1201,"MDA-MB 231_shPADI3_3"
"MDA-MB 231","ShChD4_360",96,1,0.1675,"MDA-MB 231_ShChD4_360_1"
"MDA-MB 231","ShChD4_360",96,2,0.2327,"MDA-MB 231_ShChD4_360_2"
"MDA-MB 231","ShChD4_360",96,3,0.1685,"MDA-MB 231_ShChD4_360_3"
"MDA-MB 231","ShChD4_363",96,1,0.1019,"MDA-MB 231_ShChD4_363_1"
"MDA-MB 231","ShChD4_363",96,2,0.1024,"MDA-MB 231_ShChD4_363_2"
"MDA-MB 231","ShChD4_363",96,3,0.0865,"MDA-MB 231_ShChD4_363_3"
