Azienda_code,Unita_code,Qualifica_code,ID_base,CAW_received,ITL_score
ULSS4,MED,SAN,A_06_4_MEDOSS,32,16
ULSS3,MED,SAN,AA22_3_MEDOSS,34,15
ULSS4,MED,SAN,AN18_4_MEDOSS,31,21
ULSS3,MED,SAN,AN50_3_MEDOSS,37,12
ULSS3,MED,SAN,AN73_3_MEDOSS,35,17
ULSS3,ADI,SAN,AO60_3_ADIINF,25,13
ULSS3,PSO,SAN,B_22_3_PSOOSS,23,24
ULSS4,PSO,SAN,BR61_4_PSOOSS,38,16
ULSS4,PSO,SAN,BZ44_4_PSOINF,39,44
ULSS4,MED,SAN,CB78_4_MEDOSS,25,23
ULSS3,PSO,SAN,CD69_3_PSOINF,36,31
ULSS4,MED,SAN,CD69_4_MEDOSS,38,16
ULSS4,ADI,SAN,CD85_4_ADIINF,37,16
ULSS3,ADI,SAN,CL02_3_ADIINF,19,30
ULSS3,MED,SAN,CL21_3_MEDINF,44,14
ULSS4,MED,SAN,CL25_4_MEDINF,29,33
ULSS4,MED,SAN,CL61_4_MEDINF,31,20
ULSS4,MED,MED,CL63_4_MEDMED,38,13
ULSS4,PSO,SAN,CN02_4_PSOTEC,32,16
ULSS3,ADI,MED,CN03_3_ADIMED,33,11
ULSS4,MED,SAN,CN09_4_MEDINF,28,28
ULSS3,ADI,SAN,CN17_3_ADIINF,31,15
ULSS4,ADI,SAN,CN24_4_ADIINF,38,20
ULSS3,PSO,SAN,CN28_3_PSOINF,35,22
ULSS4,ADI,SAN,CN32_4_ADIINF,35,17
ULSS3,MED,MED,CN37_3_MEDMED,26,25
ULSS4,PSO,SAN,CN42_4_PSOINF,36,21
ULSS3,PSO,SAN,CN44_3_PSOINF,43,15
ULSS4,PSO,SAN,CN46_4_PSOINF,34,27
ULSS3,MED,MED,CN54_3_MEDMED,31,26
ULSS3,PSO,SAN,CN63_3_PSOINF,39,20
ULSS4,PSO,SAN,CR12_4_PSOOSS,34,13
ULSS4,MED,SAN,CR29_4_MEDINF,22,28
ULSS3,PSO,SAN,CR43_3_PSOALT,17,13
ULSS4,ADI,SAN,CR55_4_ADIINF,28,17
ULSS4,ADI,SAN,CR60_4_ADIOSS,29,16
ULSS3,PSO,SAN,CR61_3_PSOINF,25,13
ULSS3,MED,SAN,CR63_3_MEDOSS,29,20
ULSS3,PSO,SAN,CR93_3_PSOALT,33,11
ULSS3,ADI,SAN,CR94_3_ADIINF,38,14
ULSS3,PSO,SAN,CR96_3_PSOALT,26,16
ULSS3,MED,SAN,CS56_3_MEDINF,28,12
ULSS3,PSO,SAN,CS85_3_PSOINF,23,14
ULSS4,MED,SAN,CS92_4_MEDINF,36,21
ULSS4,PSO,SAN,CT07_4_PSOINF,25,17
ULSS4,MED,SAN,CT15_4_MEDINF,31,17
ULSS3,PSO,SAN,CT18_3_PSOTEC,25,18
ULSS3,MED,SAN,CT34_3_MEDINF,39,17
ULSS3,MED,SAN,CT38_3_MEDOSS,38,25
ULSS4,MED,SAN,CT40_4_MEDINF,23,24
ULSS3,PSO,SAN,CT73_3_PSOINF,24,29
ULSS4,MED,MED,CT87_4_MEDMED,34,23
ULSS3,MED,SAN,CV74_3_MEDINF,36,25
ULSS3,PSO,SAN,DC47_3_PSOINF,24,32
ULSS3,ADI,SAN,DD39_3_ADIINF,28,23
ULSS3,PSO,SAN,DD63_3_PSOINF,34,29
ULSS4,PSO,MED,DF11_4_PSOMED,32,17
ULSS3,MED,MED,DG41_3_MEDMED,30,12
ULSS4,PSO,SAN,DG51_4_PSOOSS,34,28
ULSS3,MED,SAN,DK14_3_MEDINF,25,30
ULSS4,ADI,SAN,DL31_4_ADIINF,42,15
ULSS4,MED,SAN,DM14_4_MEDOSS,37,19
ULSS4,ADI,SAN,DM30_4_ADIINF,34,11
ULSS4,MED,SAN,DN02_4_MEDOSS,41,13
ULSS3,PSO,SAN,DN06_3_PSOOSS,23,13
ULSS4,ADI,SAN,DN08_4_ADITEC,31,12
ULSS3,MED,SAN,DN65_3_MEDOSS,23,27
ULSS4,ADI,MED,DN95_4_ADIMED,39,26
ULSS4,PSO,SAN,DN97_4_PSOINF,26,25
ULSS3,PSO,SAN,DR03_3_PSOINF,23,13
ULSS3,PSO,SAN,DR57_3_PSOTEC,33,21
ULSS3,MED,SAN,DS13_3_MEDINF,27,28
ULSS3,PSO,SAN,DS31_3_PSOINF,32,15
ULSS4,MED,SAN,DT44_4_MEDOSS,38,16
ULSS4,PSO,SAN,DT54_4_PSOOSS,38,21
ULSS4,PSO,SAN,DT75_4_PSOINF,27,17
ULSS3,MED,SAN,FL36_3_MEDOSS,23,20
ULSS3,MED,SAN,GH28_3_MEDINF,37,17
ULSS4,PSO,SAN,GN17_4_PSOINF,35,14
ULSS3,MED,SAN,GN57_3_MEDOSS,34,17
ULSS3,PSO,MED,GT01_3_PSOMED,33,13
ULSS3,MED,SAN,GT07_3_MEDOSS,38,31
ULSS3,MED,SAN,GT17_3_MEDOSS,27,15
ULSS4,MED,SAN,GT46_4_MEDOSS,28,30
ULSS4,MED,SAN,HD96_4_MEDOSS,27,22
ULSS4,MED,SAN,HT34_4_MEDINF,27,33
ULSS3,MED,SAN,IO22_3_MEDOSS,32,12
ULSS4,MED,SAN,KL69_4_MEDINF,21,37
ULSS4,ADI,SAN,KN04_4_ADIINF,36,24
ULSS4,ADI,SAN,KN27_4_ADIINF,39,13
ULSS4,ADI,SAN,KR38_4_ADIINF,30,17
ULSS4,ADI,SAN,KZ28_4_ADIINF,30,15
ULSS4,MED,SAN,LC01_4_MEDOSS,28,17
ULSS3,MED,SAN,LC13_3_MEDINF,34,12
ULSS3,MED,MED,LC38_3_MEDMED,29,22
ULSS3,PSO,SAN,LE05_3_PSOINF,32,27
ULSS4,PSO,SAN,LF35_4_PSOINF,38,11
ULSS3,PSO,SAN,LF92_3_PSOINF,33,13
ULSS4,MED,SAN,LG33_4_MEDINF,34,16
ULSS3,PSO,SAN,LH35_3_PSOINF,23,28
ULSS4,MED,SAN,LH80_4_MEDINF,21,22
ULSS3,MED,SAN,LH92_3_MEDOSS,38,15
ULSS3,MED,SAN,LL09_3_MEDOSS,32,16
ULSS3,MED,MED,LL13_3_MEDMED,30,16
ULSS4,PSO,SAN,LL18_4_PSOOSS,16,20
ULSS3,MED,SAN,LL23_3_MEDINF,35,27
ULSS4,ADI,SAN,LL28_4_ADIINF,40,14
ULSS3,MED,SAN,LL51_3_MEDINF,35,24
ULSS3,MED,SAN,LL75_3_MEDINF,36,19
ULSS3,PSO,SAN,LL81_3_PSOINF,13,33
ULSS3,ADI,SAN,LM64_3_ADIINF,40,11
ULSS3,MED,SAN,LM72_3_MEDINF,30,28
ULSS4,PSO,SAN,LN01_4_PSOINF,34,11
ULSS4,ADI,SAN,LN03_4_ADITEC,28,16
ULSS3,PSO,MED,LN05_3_PSOMED,26,17
ULSS4,PSO,SAN,LN15_4_PSOTEC,32,14
ULSS4,PSO,SAN,LN19_4_PSOINF,37,14
ULSS3,MED,SAN,LN22_3_MEDINF,32,25
ULSS3,MED,SAN,LN36_3_MEDOSS,32,18
ULSS3,ADI,SAN,LN39_3_ADIINF,41,17
ULSS4,MED,SAN,LN47_4_MEDOSS,38,22
ULSS4,ADI,SAN,LN57_4_ADIINF,27,16
ULSS3,MED,SAN,LN65_3_MEDINF,23,16
ULSS3,ADI,SAN,LN76_3_ADIINF,30,15
ULSS4,PSO,SAN,LN76_4_PSOOSS,34,13
ULSS4,ADI,SAN,LN79_4_ADIINF,35,21
ULSS3,MED,MED,LN81_3_MEDMED,32,21
ULSS4,MED,SAN,LN91_4_MEDINF,38,30
ULSS4,ADI,SAN,LN98_4_ADIINF,32,23
ULSS3,PSO,SAN,LR11_3_PSOOSS,27,17
ULSS4,PSO,SAN,LR17_4_PSOINF,42,27
ULSS4,PSO,SAN,LR30_4_PSOINF,33,17
ULSS4,ADI,SAN,LR41_4_ADIINF,34,22
ULSS3,MED,MED,LR42_3_MEDMED,30,17
ULSS4,PSO,SAN,LR69_4_PSOINF,34,11
ULSS3,MED,SAN,LS57_3_MEDINF,34,12
ULSS3,MED,SAN,LS92_3_MEDINF,26,24
ULSS3,PSO,SAN,LT27_3_PSOOSS,25,19
ULSS4,ADI,SAN,LT33_4_ADIINF,19,15
ULSS3,PSO,SAN,LT41_3_PSOINF,31,15
ULSS3,PSO,SAN,LT44_3_PSOTEC,32,14
ULSS4,ADI,SAN,LT49_4_ADIINF,42,12
ULSS4,MED,SAN,LT51_4_MEDTEC,33,12
ULSS4,ADI,SAN,LT69_4_ADIINF,30,22
ULSS4,PSO,SAN,LT88_4_PSOTEC,36,15
ULSS4,PSO,SAN,LT90_4_PSOINF,18,28
ULSS3,MED,SAN,LT91_3_MEDINF,33,18
ULSS3,PSO,SAN,LT95_3_PSOOSS,32,32
ULSS4,MED,SAN,LT98_4_MEDOSS,36,29
ULSS3,MED,SAN,LT99_3_MEDOSS,29,18
ULSS3,PSO,SAN,LZ31_3_PSOINF,27,22
ULSS4,ADI,SAN,LZ33_4_ADIINF,36,16
ULSS3,PSO,SAN,ML27_3_PSOTEC,25,11
ULSS3,MED,SAN,MN63_3_MEDINF,28,14
ULSS3,MED,MED,MR68_3_MEDMED,35,17
ULSS4,PSO,SAN,MR68_4_PSOTEC,31,15
ULSS4,PSO,SAN,NA11_4_PSOALT,24,13
ULSS4,MED,SAN,NC03_4_MEDINF,42,15
ULSS4,MED,SAN,NC22_4_MEDOSS,20,25
ULSS4,ADI,SAN,NC98_4_ADIALT,37,17
ULSS4,PSO,SAN,ND28_4_PSOINF,23,16
ULSS4,ADI,SAN,ND48_4_ADIINF,36,15
ULSS4,MED,SAN,ND57_4_MEDINF,31,24
ULSS4,ADI,SAN,NG09_4_ADIINF,37,29
ULSS3,PSO,SAN,NG17_3_PSOTEC,34,21
ULSS3,ADI,SAN,NH56_3_ADIINF,18,19
ULSS3,ADI,SAN,NH67_3_ADIINF,23,24
ULSS4,ADI,SAN,NH88_4_ADIINF,23,16
ULSS3,PSO,SAN,NJ26_3_PSOINF,25,24
ULSS4,MED,SAN,NL08_4_MEDTEC,11,29
ULSS4,PSO,MED,NL08_4_PSOMED,34,11
ULSS4,MED,SAN,NL11_4_MEDINF,33,20
ULSS4,ADI,SAN,NL35_4_ADIINF,36,16
ULSS3,MED,SAN,NL38_3_MEDTEC,37,14
ULSS3,PSO,SAN,NL43_3_PSOOSS,40,15
ULSS3,MED,SAN,NL44_3_MEDOSS,28,19
ULSS3,MED,SAN,NL50_3_MEDOSS,31,15
ULSS4,MED,SAN,NL51_4_MEDINF,15,34
ULSS4,ADI,SAN,NL52_4_ADIINF,34,28
ULSS3,PSO,SAN,NL53_3_PSOOSS,31,13
ULSS4,ADI,SAN,NL60_4_ADIOSS,27,24
ULSS3,ADI,SAN,NL87_3_ADIINF,37,21
ULSS4,PSO,MED,NL88_4_PSOMED,36,16
ULSS4,MED,SAN,NL93_4_MEDINF,33,20
ULSS4,PSO,SAN,NM84_4_PSOOSS,30,13
ULSS4,ADI,SAN,NM87_4_ADIINF,18,36
ULSS3,PSO,SAN,NN04_3_PSOINF,32,17
ULSS4,PSO,SAN,NN04_4_PSOINF,40,20
ULSS3,MED,SAN,NN14_3_MEDINF,22,32
ULSS3,MED,SAN,NN17_3_MEDOSS,30,29
ULSS4,ADI,SAN,NN21_4_ADITEC,31,26
ULSS4,MED,SAN,NN25_4_MEDINF,25,29
ULSS3,PSO,SAN,NN34_3_PSOINF,28,11
ULSS3,MED,SAN,NN35_3_MEDINF,28,16
ULSS3,PSO,SAN,NN36_3_PSOOSS,42,20
ULSS3,PSO,SAN,NN55_3_PSOTEC,31,31
ULSS4,ADI,MED,NN66_4_ADIMED,21,28
ULSS4,ADI,SAN,NN70_4_ADIINF,36,13
ULSS4,MED,SAN,NN71_4_MEDINF,26,22
ULSS4,ADI,MED,NN77_4_ADIMED,33,29
ULSS4,MED,SAN,NN79_4_MEDINF,30,20
ULSS3,PSO,SAN,NN82_3_PSOINF,33,22
ULSS3,MED,SAN,NN91_3_MEDOSS,30,27
ULSS4,ADI,SAN,NN91_4_ADIINF,25,30
ULSS3,MED,MED,NN99_3_MEDMED,38,22
ULSS3,PSO,SAN,NP12_3_PSOINF,22,21
ULSS4,MED,SAN,NP42_4_MEDOSS,25,16
ULSS3,MED,SAN,NR08_3_MEDOSS,27,35
ULSS4,ADI,SAN,NR10_4_ADIINF,36,11
ULSS3,MED,SAN,NR14_3_MEDOSS,21,30
ULSS4,MED,SAN,NR35_4_MEDALT,22,34
ULSS3,ADI,SAN,NR42_3_ADIINF,43,14
ULSS4,MED,SAN,NR65_4_MEDINF,35,19
ULSS3,MED,SAN,NR71_3_MEDINF,22,29
ULSS3,MED,SAN,NR83_3_MEDOSS,27,14
ULSS4,ADI,SAN,NR96_4_ADIINF,32,14
ULSS4,ADI,SAN,NS81_4_ADIINF,33,26
ULSS3,PSO,MED,NS89_3_PSOMED,35,20
ULSS3,MED,SAN,NT12_3_MEDINF,33,16
ULSS3,MED,SAN,NT13_3_MEDINF,33,25
ULSS4,ADI,SAN,NT25_4_ADIINF,33,17
ULSS3,MED,SAN,NT33_3_MEDOSS,39,20
ULSS4,ADI,SAN,NT34_4_ADIINF,36,11
ULSS3,MED,SAN,NT37_3_MEDOSS,43,20
ULSS3,MED,SAN,NT45_3_MEDOSS,19,30
ULSS4,PSO,SAN,NT70_4_PSOOSS,40,16
ULSS3,PSO,SAN,NT72_3_PSOTEC,29,12
ULSS3,PSO,SAN,NT80_3_PSOOSS,17,25
ULSS4,ADI,SAN,NV66_4_ADIINF,38,12
ULSS4,ADI,SAN,NZ25_4_ADIINF,36,14
ULSS4,PSO,SAN,NZ39_4_PSOINF,27,15
ULSS3,MED,SAN,NZ88_3_MEDINF,36,17
ULSS4,PSO,SAN,O_63_4_PSOOSS,35,14
ULSS3,PSO,SAN,OO10_3_PSOTEC,33,13
ULSS3,MED,SAN,RC42_3_MEDINF,30,26
ULSS3,MED,SAN,RC44_3_MEDINF,38,21
ULSS3,PSO,SAN,RC61_3_PSOINF,30,11
ULSS4,MED,SAN,RC65_4_MEDINF,31,31
ULSS4,MED,SAN,RC81_4_MEDINF,25,26
ULSS4,ADI,SAN,RD12_4_ADIINF,37,18
ULSS4,MED,SAN,RD55_4_MEDOSS,24,33
ULSS3,PSO,SAN,RE25_3_PSOINF,20,22
ULSS3,MED,SAN,RG49_3_MEDINF,36,40
ULSS4,ADI,SAN,RH11_4_ADIINF,35,17
ULSS4,MED,SAN,RH12_4_MEDOSS,35,15
ULSS4,ADI,SAN,RL04_4_ADITEC,41,11
ULSS4,PSO,MED,RL20_4_PSOMED,26,13
ULSS3,MED,SAN,RL23_3_MEDINF,39,16
ULSS4,ADI,SAN,RL23_4_ADITEC,38,16
ULSS3,ADI,SAN,RL32_3_ADIINF,32,20
ULSS3,PSO,SAN,RL54_3_PSOOSS,17,18
ULSS4,ADI,SAN,RL54_4_ADIINF,30,15
ULSS3,MED,SAN,RL58_3_MEDOSS,42,23
ULSS3,MED,SAN,RL63_3_MEDOSS,35,18
ULSS4,MED,SAN,RL71_4_MEDINF,29,15
ULSS3,ADI,SAN,RL79_3_ADIINF,31,29
ULSS3,MED,SAN,RM87_3_MEDINF,25,11
ULSS3,PSO,SAN,RN01_3_PSOOSS,37,16
ULSS4,ADI,SAN,RN10_4_ADIINF,36,22
ULSS4,ADI,SAN,RN13_4_ADIINF,36,18
ULSS4,PSO,SAN,RN42_4_PSOINF,29,27
ULSS4,MED,SAN,RN55_4_MEDINF,32,30
ULSS4,ADI,SAN,RN58_4_ADIINF,17,29
ULSS3,ADI,SAN,RN66_3_ADIINF,32,16
ULSS3,ADI,SAN,RN88_3_ADIINF,42,16
ULSS4,ADI,SAN,RN96_4_ADIOSS,34,13
ULSS4,MED,SAN,RR93_4_MEDINF,42,31
ULSS4,MED,SAN,RS08_4_MEDINF,27,30
ULSS3,PSO,MED,RS26_3_PSOMED,38,16
ULSS3,PSO,SAN,RS31_3_PSOINF,30,25
ULSS3,PSO,SAN,RS57_3_PSOINF,17,20
ULSS4,MED,MED,RS75_4_MEDMED,33,17
ULSS4,PSO,SAN,RS81_4_PSOINF,27,27
ULSS4,PSO,MED,RT00_4_PSOMED,38,29
ULSS4,PSO,MED,RT02_4_PSOMED,26,20
ULSS4,ADI,SAN,RT10_4_ADIINF,33,14
ULSS4,PSO,SAN,RT14_4_PSOINF,24,35
ULSS3,MED,SAN,RT25_3_MEDINF,32,16
ULSS3,PSO,SAN,RT25_3_PSOINF,25,41
ULSS3,MED,SAN,RT27_3_MEDINF,36,26
ULSS4,PSO,SAN,RT33_4_PSOINF,32,19
ULSS4,ADI,SAN,RT52_4_ADIINF,36,17
ULSS3,MED,SAN,RT61_3_MEDINF,41,19
ULSS4,PSO,SAN,RT69_4_PSOINF,34,13
ULSS4,PSO,SAN,RT89_4_PSOINF,37,13
ULSS4,ADI,SAN,RV02_4_ADIINF,39,22
ULSS3,MED,SAN,RZ98_3_MEDOSS,23,29
ULSS3,MED,SAN,SC70_3_MEDINF,28,15
ULSS4,ADI,SAN,SL02_4_ADITEC,26,17
ULSS4,MED,SAN,SL47_4_MEDOSS,36,23
ULSS4,PSO,SAN,SN01_4_PSOINF,32,13
ULSS4,ADI,MED,SN03_4_ADIMED,29,14
ULSS3,MED,MED,SN26_3_MEDMED,32,15
ULSS3,PSO,SAN,SN32_3_PSOINF,27,31
ULSS3,MED,SAN,SN45_3_MEDINF,33,14
ULSS3,MED,SAN,SN65_3_MEDINF,13,22
ULSS4,ADI,SAN,SN74_4_ADIOSS,33,14
ULSS3,ADI,SAN,SN81_3_ADIINF,35,17
ULSS4,ADI,SAN,SN90_4_ADIINF,23,16
ULSS3,MED,SAN,SP72_3_MEDOSS,31,14
ULSS4,MED,SAN,SR03_4_MEDINF,34,14
ULSS4,ADI,SAN,SR16_4_ADIINF,34,12
ULSS3,MED,SAN,SS01_3_MEDINF,38,14
ULSS3,MED,SAN,SS25_3_MEDINF,33,23
ULSS4,MED,SAN,SS50_4_MEDINF,33,17
ULSS4,PSO,SAN,ST21_4_PSOTEC,34,14
ULSS4,PSO,SAN,ST66_4_PSOTEC,15,14
ULSS4,PSO,SAN,TD04_4_PSOOSS,40,14
ULSS4,MED,MED,TD33_4_MEDMED,18,23
ULSS3,MED,SAN,TL31_3_MEDINF,28,36
ULSS4,MED,SAN,TL54_4_MEDOSS,22,24
ULSS4,PSO,SAN,TL76_4_PSOINF,33,13
ULSS3,MED,SAN,TL92_3_MEDINF,27,17
ULSS3,MED,MED,TN12_3_MEDMED,27,16
ULSS4,MED,SAN,TN16_4_MEDOSS,39,13
ULSS4,MED,MED,TN25_4_MEDMED,38,14
ULSS3,MED,SAN,TN47_3_MEDINF,35,34
ULSS3,PSO,SAN,TN77_3_PSOINF,37,27
ULSS4,PSO,SAN,TN78_4_PSOTEC,40,12
ULSS3,ADI,SAN,TP43_3_ADIINF,40,11
ULSS3,PSO,SAN,TR01_3_PSOTEC,31,27
ULSS3,PSO,SAN,TR62_3_PSOINF,17,34
ULSS4,MED,SAN,TR79_4_MEDINF,34,32
ULSS4,ADI,SAN,TR95_4_ADIINF,34,14
ULSS3,PSO,SAN,TS02_3_PSOOSS,15,15
ULSS4,PSO,SAN,TS15_4_PSOINF,23,15
ULSS4,PSO,SAN,TS37_4_PSOINF,31,16
ULSS3,PSO,SAN,TS79_3_PSOTEC,38,13
ULSS4,MED,SAN,TT23_4_MEDOSS,30,11
ULSS3,PSO,SAN,TT31_3_PSOINF,21,23
ULSS4,MED,SAN,TT36_4_MEDOSS,27,27
ULSS4,MED,SAN,TT55_4_MEDOSS,45,27
ULSS3,PSO,MED,TT56_3_PSOMED,20,19
ULSS3,PSO,SAN,TZ89_3_PSOTEC,25,13
ULSS3,PSO,SAN,UE04_3_PSOTEC,34,17
ULSS4,ADI,SAN,VG56_4_ADITEC,33,20
ULSS3,PSO,SAN,VL02_3_PSOINF,14,17
ULSS3,ADI,SAN,VN99_3_ADIINF,29,22
ULSS3,ADI,SAN,VR47_3_ADIINF,31,29
ULSS4,MED,SAN,VZ58_4_MEDINF,25,32
ULSS4,MED,SAN,ZC30_4_MEDINF,36,12
ULSS3,PSO,SAN,ZN08_3_PSOOSS,29,11
ULSS3,MED,SAN,ZT05_3_MEDOSS,31,18
ULSS4,ADI,SAN,ZT13_4_ADIINF,25,17
ULSS3,PSO,SAN,ZT29_3_PSOOSS,22,16
ULSS4,ADI,SAN,ZT44_4_ADIINF,41,13
ULSS4,PSO,SAN,ZT80_4_PSOTEC,40,17
ULSS3,ADI,SAN,ZT88_3_ADIINF,28,20
